{"_id":{"$oid":"5eb0af72c9f4d233f4bcadff"},"name":"Apartment14438","capacity":1.0,"services":["wifi","parking"],"location":{"type":"Point","coordinates":[-0.1287718783824987,51.50687848881057]},"distance":96.92039875440359}
{"_id":{"$oid":"5eb0af74c9f4d233f4bce4ff"},"name":"Apartment28518","capacity":4.0,"services":[],"location":{"type":"Point","coordinates":[-0.1244298719235074,51.50906850951234]},"distance":290.3832708168034}
{"_id":{"$oid":"5eb0af75c9f4d233f4bcedae"},"name":"Apartment30741","capacity":2.0,"services":["wifi","pool","breakfast"],"location":{"type":"Point","coordinates":[-0.12365482547741102,51.506445389064005]},"distance":302.9651161780777}
{"_id":{"$oid":"5eb0af71c9f4d233f4bc9b86"},"name":"Apartment9709","capacity":2.0,"services":["breakfast","parking","pool"],"location":{"type":"Point","coordinates":[-0.1311858142188027,51.505445815075014]},"distance":327.96040611991504}
{"_id":{"$oid":"5eb0af71c9f4d233f4bc8b42"},"name":"Apartment5545","capacity":3.0,"services":[],"location":{"type":"Point","coordinates":[-0.13273535508911538,51.50842217355423]},"distance":364.05286324397326}
{"_id":{"$oid":"5eb0af71c9f4d233f4bc9986"},"name":"Apartment9197","capacity":5.0,"services":[],"location":{"type":"Point","coordinates":[-0.13270326053510162,51.50492239044126]},"distance":445.58597027170214}
{"_id":{"$oid":"5eb0af77c9f4d233f4bd1c35"},"name":"Apartment42652","capacity":1.0,"services":["pool"],"location":{"type":"Point","coordinates":[-0.12933664017293955,51.511334921943245]},"distance":446.6611434552938}
{"_id":{"$oid":"5eb0af77c9f4d233f4bd1ed9"},"name":"Apartment43328","capacity":1.0,"services":[],"location":{"type":"Point","coordinates":[-0.12557365157699452,51.50255631336556]},"distance":564.7661817672663}
{"_id":{"$oid":"5eb0af75c9f4d233f4bcfa60"},"name":"Apartment33991","capacity":1.0,"services":["pool"],"location":{"type":"Point","coordinates":[-0.11878306319530518,51.50837429855823]},"distance":627.5363925659476}
{"_id":{"$oid":"5eb0af72c9f4d233f4bcb5af"},"name":"Apartment16406","capacity":1.0,"services":["wifi","parking"],"location":{"type":"Point","coordinates":[-0.12746711842452596,51.50174804940139]},"distance":635.0838353544324}
{"_id":{"$oid":"5eb0af74c9f4d233f4bcd4c0"},"name":"Apartment24359","capacity":5.0,"services":["wifi","breakfast"],"location":{"type":"Point","coordinates":[-0.1250264251892067,51.513427036284504]},"distance":690.8872417298041}
{"_id":{"$oid":"5eb0af71c9f4d233f4bc947b"},"name":"Apartment7906","capacity":5.0,"services":[],"location":{"type":"Point","coordinates":[-0.1368341044821888,51.50434013711894]},"distance":720.3432241280136}
{"_id":{"$oid":"5eb0af70c9f4d233f4bc8a87"},"name":"Apartment5358","capacity":4.0,"services":["wifi","pool"],"location":{"type":"Point","coordinates":[-0.13778733641372265,51.50569187123016]},"distance":724.6412620074768}
{"_id":{"$oid":"5eb0af76c9f4d233f4bd120d"},"name":"Apartment40052","capacity":5.0,"services":["pool","parking"],"location":{"type":"Point","coordinates":[-0.13810207306004163,51.50580497608951]},"distance":742.4525263729328}
{"_id":{"$oid":"5eb0af75c9f4d233f4bcec6d"},"name":"Apartment30420","capacity":2.0,"services":["pool"],"location":{"type":"Point","coordinates":[-0.1386536013895171,51.50674845975476]},"distance":761.718342496972}
{"_id":{"$oid":"5eb0af76c9f4d233f4bd05dc"},"name":"Apartment36931","capacity":2.0,"services":["wifi"],"location":{"type":"Point","coordinates":[-0.13891152522709216,51.50890609037632]},"distance":792.2801075318771}
{"_id":{"$oid":"5eb0af72c9f4d233f4bca97c"},"name":"Apartment13283","capacity":4.0,"services":[],"location":{"type":"Point","coordinates":[-0.12727211092133905,51.500061546229766]},"distance":823.165494410803}
{"_id":{"$oid":"5eb0af75c9f4d233f4bcf362"},"name":"Apartment32201","capacity":1.0,"services":["wifi"],"location":{"type":"Point","coordinates":[-0.11583029975827908,51.50902818953044]},"distance":842.1451482426763}
{"_id":{"$oid":"5eb0af77c9f4d233f4bd1eaf"},"name":"Apartment43286","capacity":2.0,"services":["wifi","parking"],"location":{"type":"Point","coordinates":[-0.11772906371998104,51.50250237703009]},"distance":884.5973583656372}
{"_id":{"$oid":"5eb0af77c9f4d233f4bd1df1"},"name":"Apartment43096","capacity":1.0,"services":["pool"],"location":{"type":"Point","coordinates":[-0.12141621643177447,51.514478580701876]},"distance":895.8853371234773}
{"_id":{"$oid":"5eb0af76c9f4d233f4bd105d"},"name":"Apartment39620","capacity":2.0,"services":[],"location":{"type":"Point","coordinates":[-0.14039416788718995,51.50481176184177]},"distance":926.1452516881409}
{"_id":{"$oid":"5eb0af70c9f4d233f4bc840f"},"name":"Apartment3702","capacity":3.0,"services":["parking","pool","breakfast"],"location":{"type":"Point","coordinates":[-0.11431512515585651,51.50708084738336]},"distance":929.5528258995279}
{"_id":{"$oid":"5eb0af73c9f4d233f4bcbb41"},"name":"Apartment17832","capacity":5.0,"services":[],"location":{"type":"Point","coordinates":[-0.1376354360574502,51.513441455427724]},"distance":957.4926077527042}
{"_id":{"$oid":"5eb0af73c9f4d233f4bcbb10"},"name":"Apartment17783","capacity":2.0,"services":["wifi","parking"],"location":{"type":"Point","coordinates":[-0.1382912088405176,51.51340433322064]},"distance":987.8239937777205}
{"_id":{"$oid":"5eb0af75c9f4d233f4bcf5d3"},"name":"Apartment32826","capacity":1.0,"services":[],"location":{"type":"Point","coordinates":[-0.11336632113517897,51.50863965964451]},"distance":1003.1268020515702}
{"_id":{"$oid":"5eb0af73c9f4d233f4bcc9b5"},"name":"Apartment21532","capacity":2.0,"services":["pool","wifi","breakfast"],"location":{"type":"Point","coordinates":[-0.1407512785701689,51.51189903882873]},"distance":1029.8315028000134}
{"_id":{"$oid":"5eb0af73c9f4d233f4bcbca1"},"name":"Apartment18184","capacity":1.0,"services":[],"location":{"type":"Point","coordinates":[-0.11430033265237205,51.50279152538344]},"distance":1064.6093802042783}
{"_id":{"$oid":"5eb0af71c9f4d233f4bca143"},"name":"Apartment11178","capacity":4.0,"services":["pool","parking"],"location":{"type":"Point","coordinates":[-0.137391262542508,51.49989814315106]},"distance":1075.2573122354709}
{"_id":{"$oid":"5eb0af75c9f4d233f4bcf506"},"name":"Apartment32621","capacity":1.0,"services":[],"location":{"type":"Point","coordinates":[-0.1423676249480218,51.51082091026781]},"distance":1082.0865437971636}
{"_id":{"$oid":"5eb0af74c9f4d233f4bce943"},"name":"Apartment29610","capacity":2.0,"services":["parking","pool","wifi"],"location":{"type":"Point","coordinates":[-0.11392405996614408,51.5120756236699]},"distance":1085.5209237304389}
{"_id":{"$oid":"5eb0af71c9f4d233f4bc99e9"},"name":"Apartment9296","capacity":5.0,"services":["pool"],"location":{"type":"Point","coordinates":[-0.1274544019376137,51.51722552332322]},"distance":1088.2418830036993}
{"_id":{"$oid":"5eb0af75c9f4d233f4bcf4dc"},"name":"Apartment32579","capacity":2.0,"services":["parking","wifi"],"location":{"type":"Point","coordinates":[-0.12717885022154107,51.517378212183104]},"distance":1105.7168517289797}
{"_id":{"$oid":"5eb0af73c9f4d233f4bcc6df"},"name":"Apartment20806","capacity":3.0,"services":[],"location":{"type":"Point","coordinates":[-0.11478123118332972,51.51373524625699]},"distance":1136.9665283634376}
{"_id":{"$oid":"5eb0af70c9f4d233f4bc77b7"},"name":"Apartment542","capacity":5.0,"services":["wifi"],"location":{"type":"Point","coordinates":[-0.11772089258589646,51.51607699787505]},"distance":1183.9525978405957}
{"_id":{"$oid":"5eb0af70c9f4d233f4bc86cc"},"name":"Apartment4403","capacity":4.0,"services":["parking","wifi","breakfast"],"location":{"type":"Point","coordinates":[-0.1256592290612195,51.518128030941625]},"distance":1197.0819137013048}
{"_id":{"$oid":"5eb0af73c9f4d233f4bcca2c"},"name":"Apartment21651","capacity":3.0,"services":["pool","parking","breakfast"],"location":{"type":"Point","coordinates":[-0.1431865801972565,51.502631188588026]},"distance":1198.6085825331293}
{"_id":{"$oid":"5eb0af76c9f4d233f4bd0783"},"name":"Apartment37354","capacity":4.0,"services":["wifi","parking","breakfast"],"location":{"type":"Point","coordinates":[-0.14247067940304636,51.50078213818363]},"distance":1263.3580961474217}
{"_id":{"$oid":"5eb0af71c9f4d233f4bc9f20"},"name":"Apartment10631","capacity":1.0,"services":[],"location":{"type":"Point","coordinates":[-0.14580284085541595,51.505569629188265]},"distance":1270.4385750033946}
{"_id":{"$oid":"5eb0af76c9f4d233f4bd0ad1"},"name":"Apartment38200","capacity":5.0,"services":["parking","wifi"],"location":{"type":"Point","coordinates":[-0.11446981329037165,51.515566561468844]},"distance":1287.8591275742488}
{"_id":{"$oid":"5eb0af74c9f4d233f4bce8fd"},"name":"Apartment29540","capacity":1.0,"services":["pool","wifi","parking"],"location":{"type":"Point","coordinates":[-0.14525254034243418,51.50323690101616]},"distance":1302.3781725237234}
{"_id":{"$oid":"5eb0af76c9f4d233f4bd1126"},"name":"Apartment39821","capacity":4.0,"services":[],"location":{"type":"Point","coordinates":[-0.11154609311153929,51.501428665440095]},"distance":1305.7955026212078}
{"_id":{"$oid":"5eb0af74c9f4d233f4bcd410"},"name":"Apartment24183","capacity":1.0,"services":["pool","wifi"],"location":{"type":"Point","coordinates":[-0.13127623938643895,51.49570347863031]},"distance":1330.7626315703087}
{"_id":{"$oid":"5eb0af77c9f4d233f4bd1c4c"},"name":"Apartment42675","capacity":3.0,"services":[],"location":{"type":"Point","coordinates":[-0.10881621609753123,51.504507241302434]},"distance":1350.0508697193982}
{"_id":{"$oid":"5eb0af70c9f4d233f4bc78f0"},"name":"Apartment855","capacity":5.0,"services":[],"location":{"type":"Point","coordinates":[-0.11994358212136924,51.518670491029035]},"distance":1360.123802725133}
{"_id":{"$oid":"5eb0af74c9f4d233f4bcdc17"},"name":"Apartment26238","capacity":4.0,"services":[],"location":{"type":"Point","coordinates":[-0.12363382053514316,51.49547137543699]},"distance":1363.258683004052}
{"_id":{"$oid":"5eb0af72c9f4d233f4bca740"},"name":"Apartment12711","capacity":3.0,"services":["wifi","pool","breakfast"],"location":{"type":"Point","coordinates":[-0.11316257166738597,51.51578422968812]},"distance":1370.180732764735}
{"_id":{"$oid":"5eb0af76c9f4d233f4bd01b7"},"name":"Apartment35870","capacity":3.0,"services":[],"location":{"type":"Point","coordinates":[-0.11020913266667443,51.50145912486856]},"distance":1384.4726682852292}
{"_id":{"$oid":"5eb0af78c9f4d233f4bd3311"},"name":"Apartment48504","capacity":3.0,"services":[],"location":{"type":"Point","coordinates":[-0.1449712368763001,51.50116393958789]},"distance":1385.2884603469915}
{"_id":{"$oid":"5eb0af72c9f4d233f4bcaabf"},"name":"Apartment13606","capacity":2.0,"services":["wifi","parking"],"location":{"type":"Point","coordinates":[-0.1076438668047256,51.50918404491707]},"distance":1404.1516698347646}
{"_id":{"$oid":"5eb0af74c9f4d233f4bcdf95"},"name":"Apartment27132","capacity":1.0,"services":[],"location":{"type":"Point","coordinates":[-0.1437020275304669,51.51540830777902]},"distance":1418.0700557928826}
{"_id":{"$oid":"5eb0af78c9f4d233f4bd30e9"},"name":"Apartment47952","capacity":4.0,"services":["pool","parking","breakfast"],"location":{"type":"Point","coordinates":[-0.14638920423836954,51.50188416382601]},"distance":1434.495245547589}
{"_id":{"$oid":"5eb0af75c9f4d233f4bcff80"},"name":"Apartment35303","capacity":4.0,"services":["pool","parking","breakfast"],"location":{"type":"Point","coordinates":[-0.14443645671571625,51.51515892451978]},"distance":1441.456927208219}
{"_id":{"$oid":"5eb0af72c9f4d233f4bca460"},"name":"Apartment11975","capacity":1.0,"services":[],"location":{"type":"Point","coordinates":[-0.13324578009165544,51.494901138783746]},"distance":1448.598848163291}
{"_id":{"$oid":"5eb0af71c9f4d233f4bc8e29"},"name":"Apartment6288","capacity":5.0,"services":[],"location":{"type":"Point","coordinates":[-0.14791426571362876,51.51097882572233]},"distance":1453.3341924561573}
{"_id":{"$oid":"5eb0af70c9f4d233f4bc83c3"},"name":"Apartment3626","capacity":1.0,"services":[],"location":{"type":"Point","coordinates":[-0.11837507127592761,51.51930842647192]},"distance":1470.1078533498614}
