{"_id":{"name":"Apartment 42833"},"averageReservationPrice":202.04}
{"_id":{"name":"Apartment 28804"},"averageReservationPrice":529.126}
{"_id":{"name":"Apartment 47499"},"averageReservationPrice":485.305}
{"_id":{"name":"Apartment 36175"},"averageReservationPrice":767.8475000000001}
{"_id":{"name":"Apartment 754"},"averageReservationPrice":809.9866666666667}
{"_id":{"name":"Apartment 49348"},"averageReservationPrice":416.17999999999995}
{"_id":{"name":"Apartment 47745"},"averageReservationPrice":804.7333333333332}
{"_id":{"name":"Apartment 41961"},"averageReservationPrice":309.15}
{"_id":{"name":"Apartment 44574"},"averageReservationPrice":1257.44}
{"_id":{"name":"Apartment 42576"},"averageReservationPrice":303.18666666666667}
{"_id":{"name":"Apartment 25516"},"averageReservationPrice":647.075}
{"_id":{"name":"Apartment 33121"},"averageReservationPrice":402.606}
{"_id":{"name":"Apartment 44423"},"averageReservationPrice":485.09999999999997}
{"_id":{"name":"Apartment 13788"},"averageReservationPrice":765.98}
{"_id":{"name":"Apartment 10972"},"averageReservationPrice":475.4}
{"_id":{"name":"Apartment 19634"},"averageReservationPrice":503.77}
{"_id":{"name":"Apartment 6602"},"averageReservationPrice":831.96}
