{"_id":{"$oid":"5eb42a2b65e1622f3a35d508"},"name":"Apartment 11540","capacity":3.0,"services":[],"location":{"type":"Point","coordinates":[-0.12789773153642492,51.5091742015148]},"distance":192.22857330375302,"reservas":[]}
{"_id":{"$oid":"5eb42a3465e1622f3a365327"},"name":"Apartment 43827","capacity":1.0,"services":[],"location":{"type":"Point","coordinates":[-0.1267385303619789,51.509793329948835]},"distance":269.43172968735144,"reservas":[]}
{"_id":{"$oid":"5eb42a3065e1622f3a361d61"},"name":"Apartment 30061","capacity":5.0,"services":["wifi","parking","breakfast"],"location":{"type":"Point","coordinates":[-0.12914223030907712,51.51078851553053]},"distance":384.40901001062156,"reservas":[]}
{"_id":{"$oid":"5eb42a2965e1622f3a35bcee"},"name":"Apartment 5370","capacity":5.0,"services":["parking"],"location":{"type":"Point","coordinates":[-0.13350811772588944,51.50550023070152]},"distance":456.18656181019605,"reservas":[]}
{"_id":{"$oid":"5eb42a3065e1622f3a36189e"},"name":"Apartment 28842","capacity":5.0,"services":["breakfast","wifi","parking"],"location":{"type":"Point","coordinates":[-0.1200760077168741,51.508515217596575]},"distance":542.5703570178143,"reservas":[]}
{"_id":{"$oid":"5eb42a2e65e1622f3a360070"},"name":"Apartment 22652","capacity":4.0,"services":["pool"],"location":{"type":"Point","coordinates":[-0.13524033309531291,51.50561549394644]},"distance":559.8248945392003,"reservas":[]}
{"_id":{"$oid":"5eb42a3465e1622f3a364e44"},"name":"Apartment 42576","capacity":2.0,"services":[],"location":{"type":"Point","coordinates":[-0.1354052543989257,51.509426384638985]},"distance":576.2187412913305,"reservas":[{"_id":{"$oid":"5eb42a5765e1622f3a37005c"},"apartmentName":"Apartment 42576","from":{"$date":"2014-03-04T01:19:51.528Z"},"to":{"$date":"2014-03-06T01:19:51.528Z"},"amount":330.22},{"_id":{"$oid":"5eb42a5765e1622f3a37005d"},"apartmentName":"Apartment 42576","from":{"$date":"2020-01-15T16:15:37.208Z"},"to":{"$date":"2020-01-19T16:15:37.208Z"},"amount":367.16},{"_id":{"$oid":"5eb42a5765e1622f3a37005e"},"apartmentName":"Apartment 42576","from":{"$date":"2013-12-05T09:18:58.736Z"},"to":{"$date":"2013-12-07T09:18:58.736Z"},"amount":212.18}]}
{"_id":{"$oid":"5eb42a3565e1622f3a365b5f"},"name":"Apartment 45931","capacity":5.0,"services":["parking","pool","breakfast"],"location":{"type":"Point","coordinates":[-0.12688086385940056,51.51302773741298]},"distance":623.4993661502506,"reservas":[]}
{"_id":{"$oid":"5eb42a2c65e1622f3a35e5b7"},"name":"Apartment 15811","capacity":5.0,"services":["wifi","breakfast"],"location":{"type":"Point","coordinates":[-0.12215352851646977,51.51191145825892]},"distance":628.6277133312353,"reservas":[]}
{"_id":{"$oid":"5eb42a2965e1622f3a35bd83"},"name":"Apartment 5519","capacity":5.0,"services":["parking","pool"],"location":{"type":"Point","coordinates":[-0.12226198790076137,51.50231836556761]},"distance":685.1068398972349,"reservas":[]}
{"_id":{"$oid":"5eb42a3565e1622f3a365612"},"name":"Apartment 44574","capacity":1.0,"services":["parking"],"location":{"type":"Point","coordinates":[-0.1383344478592744,51.506328881959185]},"distance":746.1138870331255,"reservas":[{"_id":{"$oid":"5eb42a5865e1622f3a370746"},"apartmentName":"Apartment 44574","from":{"$date":"2012-02-26T21:43:48.419Z"},"to":{"$date":"2012-03-05T21:43:48.419Z"},"amount":1257.44}]}
{"_id":{"$oid":"5eb42a3565e1622f3a365f4f"},"name":"Apartment 46939","capacity":1.0,"services":["parking","wifi","breakfast"],"location":{"type":"Point","coordinates":[-0.12410160174387452,51.51379272720451]},"distance":749.0965680781197,"reservas":[]}
{"_id":{"$oid":"5eb42a3165e1622f3a362955"},"name":"Apartment 33121","capacity":3.0,"services":[],"location":{"type":"Point","coordinates":[-0.1382230427284319,51.509514860242994]},"distance":763.2384059961087,"reservas":[{"_id":{"$oid":"5eb42a5565e1622f3a36df2f"},"apartmentName":"Apartment 33121","from":{"$date":"2012-02-23T11:12:41.725Z"},"to":{"$date":"2012-02-24T11:12:41.725Z"},"amount":153.4},{"_id":{"$oid":"5eb42a5565e1622f3a36df30"},"apartmentName":"Apartment 33121","from":{"$date":"2020-03-13T04:37:25.049Z"},"to":{"$date":"2020-03-16T04:37:25.049Z"},"amount":259.17},{"_id":{"$oid":"5eb42a5565e1622f3a36df31"},"apartmentName":"Apartment 33121","from":{"$date":"2013-02-26T00:59:22.567Z"},"to":{"$date":"2013-02-28T00:59:22.567Z"},"amount":337.0},{"_id":{"$oid":"5eb42a5565e1622f3a36df32"},"apartmentName":"Apartment 33121","from":{"$date":"2019-01-16T00:53:54.416Z"},"to":{"$date":"2019-01-24T00:53:54.416Z"},"amount":754.16},{"_id":{"$oid":"5eb42a5565e1622f3a36df33"},"apartmentName":"Apartment 33121","from":{"$date":"2019-12-26T08:15:35.437Z"},"to":{"$date":"2019-12-31T08:15:35.437Z"},"amount":509.3}]}
{"_id":{"$oid":"5eb42a3565e1622f3a36560a"},"name":"Apartment 44566","capacity":2.0,"services":[],"location":{"type":"Point","coordinates":[-0.11652972672508533,51.50606206495572]},"distance":790.4742213369221,"reservas":[]}
{"_id":{"$oid":"5eb42a3565e1622f3a365b91"},"name":"Apartment 45981","capacity":3.0,"services":["parking","wifi"],"location":{"type":"Point","coordinates":[-0.1379137422089053,51.51081692024415]},"distance":799.6201290771756,"reservas":[]}
{"_id":{"$oid":"5eb42a3165e1622f3a361f63"},"name":"Apartment 30575","capacity":1.0,"services":[],"location":{"type":"Point","coordinates":[-0.1192949354889119,51.512677405168596]},"distance":824.0396648759579,"reservas":[]}
{"_id":{"$oid":"5eb42a3565e1622f3a365e04"},"name":"Apartment 46608","capacity":2.0,"services":["parking","pool","breakfast"],"location":{"type":"Point","coordinates":[-0.13571548538904643,51.50195337092462]},"distance":825.5985837133692,"reservas":[]}
{"_id":{"$oid":"5eb42a2765e1622f3a35aae6"},"name":"Apartment 754","capacity":5.0,"services":["wifi","pool","breakfast"],"location":{"type":"Point","coordinates":[-0.11586286964193748,51.50601798056874]},"distance":836.7574299114634,"reservas":[{"_id":{"$oid":"5eb42a4a65e1622f3a366dbb"},"apartmentName":"Apartment 754","from":{"$date":"2017-08-25T18:39:25.055Z"},"to":{"$date":"2017-09-02T18:39:25.055Z"},"amount":878.16},{"_id":{"$oid":"5eb42a4a65e1622f3a366dbc"},"apartmentName":"Apartment 754","from":{"$date":"2013-09-01T07:59:58.508Z"},"to":{"$date":"2013-09-03T07:59:58.508Z"},"amount":176.36},{"_id":{"$oid":"5eb42a4a65e1622f3a366dbd"},"apartmentName":"Apartment 754","from":{"$date":"2017-05-21T04:03:17.195Z"},"to":{"$date":"2017-05-29T04:03:17.195Z"},"amount":1375.44}]}
{"_id":{"$oid":"5eb42a2f65e1622f3a360712"},"name":"Apartment 24350","capacity":3.0,"services":[],"location":{"type":"Point","coordinates":[-0.13841032462423908,51.50375027893717]},"distance":847.6949800301873,"reservas":[]}
{"_id":{"$oid":"5eb42a3565e1622f3a365cb6"},"name":"Apartment 46274","capacity":1.0,"services":["pool"],"location":{"type":"Point","coordinates":[-0.13812691951015277,51.503448760106586]},"distance":847.7385493079375,"reservas":[]}
{"_id":{"$oid":"5eb42a2f65e1622f3a3604c9"},"name":"Apartment 23765","capacity":3.0,"services":[],"location":{"type":"Point","coordinates":[-0.1343620579795206,51.51396552781021]},"distance":858.9439060741007,"reservas":[]}
{"_id":{"$oid":"5eb42a2e65e1622f3a35fe06"},"name":"Apartment 22034","capacity":5.0,"services":[],"location":{"type":"Point","coordinates":[-0.13622376803336078,51.513124722785264]},"distance":863.8165087889173,"reservas":[]}
{"_id":{"$oid":"5eb42a2f65e1622f3a3604ce"},"name":"Apartment 23770","capacity":1.0,"services":["parking","wifi"],"location":{"type":"Point","coordinates":[-0.12752940261121448,51.4992580577885]},"distance":912.1224874207483,"reservas":[]}
{"_id":{"$oid":"5eb42a3565e1622f3a36557b"},"name":"Apartment 44423","capacity":2.0,"services":["parking"],"location":{"type":"Point","coordinates":[-0.1171172415362437,51.512406050006824]},"distance":918.5122109771329,"reservas":[{"_id":{"$oid":"5eb42a5865e1622f3a3706b6"},"apartmentName":"Apartment 44423","from":{"$date":"2013-02-27T06:52:16.317Z"},"to":{"$date":"2013-03-05T06:52:16.317Z"},"amount":485.09999999999997}]}
{"_id":{"$oid":"5eb42a2e65e1622f3a35f4a6"},"name":"Apartment 19634","capacity":2.0,"services":["breakfast","pool","parking"],"location":{"type":"Point","coordinates":[-0.14023504671177034,51.51038020658988]},"distance":926.5076149752757,"reservas":[{"_id":{"$oid":"5eb42a5065e1622f3a36afdf"},"apartmentName":"Apartment 19634","from":{"$date":"2015-01-04T22:49:02.442Z"},"to":{"$date":"2015-01-08T22:49:02.442Z"},"amount":352.84},{"_id":{"$oid":"5eb42a5065e1622f3a36afe0"},"apartmentName":"Apartment 19634","from":{"$date":"2020-01-06T03:07:38.618Z"},"to":{"$date":"2020-01-10T03:07:38.618Z"},"amount":398.0},{"_id":{"$oid":"5eb42a5065e1622f3a36afe1"},"apartmentName":"Apartment 19634","from":{"$date":"2015-12-29T16:35:10.690Z"},"to":{"$date":"2015-12-31T16:35:10.690Z"},"amount":211.6},{"_id":{"$oid":"5eb42a5065e1622f3a36afe2"},"apartmentName":"Apartment 19634","from":{"$date":"2017-10-07T19:24:34.470Z"},"to":{"$date":"2017-10-13T19:24:34.470Z"},"amount":1052.6399999999999}]}
{"_id":{"$oid":"5eb42a2d65e1622f3a35f292"},"name":"Apartment 19102","capacity":5.0,"services":[],"location":{"type":"Point","coordinates":[-0.13644973621550238,51.51379191260827]},"distance":929.6257610718603,"reservas":[]}
{"_id":{"$oid":"5eb42a3665e1622f3a366850"},"name":"Apartment 49244","capacity":4.0,"services":[],"location":{"type":"Point","coordinates":[-0.14113085037676987,51.509290905668394]},"distance":951.6105052572307,"reservas":[]}
{"_id":{"$oid":"5eb42a2f65e1622f3a3602f9"},"name":"Apartment 23301","capacity":4.0,"services":[],"location":{"type":"Point","coordinates":[-0.13902953959027442,51.51235543311091]},"distance":955.1133024617425,"reservas":[]}
{"_id":{"$oid":"5eb42a2d65e1622f3a35eb57"},"name":"Apartment 17251","capacity":1.0,"services":["pool"],"location":{"type":"Point","coordinates":[-0.11374566536989461,51.506771527857765]},"distance":971.0486380919449,"reservas":[]}
{"_id":{"$oid":"5eb42a2965e1622f3a35c1be"},"name":"Apartment 6602","capacity":3.0,"services":["wifi","pool","parking"],"location":{"type":"Point","coordinates":[-0.13780366010990497,51.51363203706745]},"distance":980.65636942914,"reservas":[{"_id":{"$oid":"5eb42a4c65e1622f3a368242"},"apartmentName":"Apartment 6602","from":{"$date":"2016-09-30T20:39:40.169Z"},"to":{"$date":"2016-10-08T20:39:40.169Z"},"amount":1097.44},{"_id":{"$oid":"5eb42a4c65e1622f3a368243"},"apartmentName":"Apartment 6602","from":{"$date":"2015-05-23T13:59:04.311Z"},"to":{"$date":"2015-05-31T13:59:04.311Z"},"amount":1011.2},{"_id":{"$oid":"5eb42a4c65e1622f3a368244"},"apartmentName":"Apartment 6602","from":{"$date":"2012-07-21T23:07:09.929Z"},"to":{"$date":"2012-07-24T23:07:09.929Z"},"amount":387.24}]}
{"_id":{"$oid":"5eb42a3365e1622f3a363dee"},"name":"Apartment 38394","capacity":1.0,"services":[],"location":{"type":"Point","coordinates":[-0.14170833923308557,51.50431596234841]},"distance":1030.2791215024524,"reservas":[]}
{"_id":{"$oid":"5eb42a2e65e1622f3a35f508"},"name":"Apartment 19732","capacity":2.0,"services":["parking","pool"],"location":{"type":"Point","coordinates":[-0.14059080510407973,51.502818077945896]},"distance":1030.3209096725313,"reservas":[]}
{"_id":{"$oid":"5eb42a2d65e1622f3a35efab"},"name":"Apartment 18359","capacity":5.0,"services":["pool","parking"],"location":{"type":"Point","coordinates":[-0.13623602795531653,51.51504441232648]},"distance":1030.9084820383896,"reservas":[]}
{"_id":{"$oid":"5eb42a2b65e1622f3a35da56"},"name":"Apartment 12898","capacity":2.0,"services":["wifi","pool"],"location":{"type":"Point","coordinates":[-0.11348543995246985,51.50442824623748]},"distance":1041.9810845299828,"reservas":[]}
{"_id":{"$oid":"5eb42a3665e1622f3a3668b8"},"name":"Apartment 49348","capacity":5.0,"services":["parking","wifi"],"location":{"type":"Point","coordinates":[-0.12831526751854105,51.5171432383019]},"distance":1079.7219274355941,"reservas":[{"_id":{"$oid":"5eb42a5965e1622f3a37184b"},"apartmentName":"Apartment 49348","from":{"$date":"2015-01-10T07:16:13.876Z"},"to":{"$date":"2015-01-12T07:16:13.876Z"},"amount":191.68},{"_id":{"$oid":"5eb42a5965e1622f3a37184c"},"apartmentName":"Apartment 49348","from":{"$date":"2016-06-25T14:00:41.014Z"},"to":{"$date":"2016-06-29T14:00:41.014Z"},"amount":640.68}]}
{"_id":{"$oid":"5eb42a3465e1622f3a364bdd"},"name":"Apartment 41961","capacity":2.0,"services":["wifi","pool","parking"],"location":{"type":"Point","coordinates":[-0.11235083521376854,51.51019324348871]},"distance":1107.598899692639,"reservas":[{"_id":{"$oid":"5eb42a5765e1622f3a36fe5d"},"apartmentName":"Apartment 41961","from":{"$date":"2015-04-17T09:14:16.465Z"},"to":{"$date":"2015-04-20T09:14:16.465Z"},"amount":309.15}]}
{"_id":{"$oid":"5eb42a2f65e1622f3a360915"},"name":"Apartment 24865","capacity":5.0,"services":[],"location":{"type":"Point","coordinates":[-0.12343202108423512,51.49781219429076]},"distance":1113.324411148758,"reservas":[]}
{"_id":{"$oid":"5eb42a3165e1622f3a36235c"},"name":"Apartment 31592","capacity":3.0,"services":[],"location":{"type":"Point","coordinates":[-0.1286693902135415,51.49736622185494]},"distance":1124.5599111578479,"reservas":[]}
{"_id":{"$oid":"5eb42a2f65e1622f3a360ae9"},"name":"Apartment 25333","capacity":4.0,"services":[],"location":{"type":"Point","coordinates":[-0.12704507942966603,51.49720088966228]},"distance":1141.982826520539,"reservas":[]}
{"_id":{"$oid":"5eb42a3265e1622f3a363073"},"name":"Apartment 34943","capacity":5.0,"services":["pool","wifi"],"location":{"type":"Point","coordinates":[-0.12579161348411416,51.49720228234969]},"distance":1148.6581426705077,"reservas":[]}
{"_id":{"$oid":"5eb42a3265e1622f3a3633ef"},"name":"Apartment 35835","capacity":3.0,"services":["wifi"],"location":{"type":"Point","coordinates":[-0.13027843925063443,51.517675201593974]},"distance":1151.8862364224178,"reservas":[]}
{"_id":{"$oid":"5eb42a3065e1622f3a360fdf"},"name":"Apartment 26603","capacity":2.0,"services":["pool"],"location":{"type":"Point","coordinates":[-0.13231880970497933,51.517416583796]},"distance":1154.2389544261393,"reservas":[]}
{"_id":{"$oid":"5eb42a2b65e1622f3a35d4b0"},"name":"Apartment 11452","capacity":3.0,"services":["breakfast","wifi","parking"],"location":{"type":"Point","coordinates":[-0.14441165613865747,51.50518357369308]},"distance":1183.889857235941,"reservas":[]}
{"_id":{"$oid":"5eb42a2b65e1622f3a35da69"},"name":"Apartment 12917","capacity":4.0,"services":["pool","parking","breakfast"],"location":{"type":"Point","coordinates":[-0.1277722059568266,51.51809968834942]},"distance":1185.4056363268255,"reservas":[]}
{"_id":{"$oid":"5eb42a2d65e1622f3a35ec6a"},"name":"Apartment 17526","capacity":1.0,"services":[],"location":{"type":"Point","coordinates":[-0.13323598427877326,51.51760864174103]},"distance":1193.609023343391,"reservas":[]}
{"_id":{"$oid":"5eb42a2c65e1622f3a35ddd0"},"name":"Apartment 13788","capacity":5.0,"services":["wifi"],"location":{"type":"Point","coordinates":[-0.12299502360064185,51.517794845122374]},"distance":1197.0511458923615,"reservas":[{"_id":{"$oid":"5eb42a4f65e1622f3a369b97"},"apartmentName":"Apartment 13788","from":{"$date":"2018-08-28T22:37:45.984Z"},"to":{"$date":"2018-09-04T22:37:45.984Z"},"amount":1240.33},{"_id":{"$oid":"5eb42a4f65e1622f3a369b98"},"apartmentName":"Apartment 13788","from":{"$date":"2016-10-02T17:12:58.072Z"},"to":{"$date":"2016-10-05T17:12:58.072Z"},"amount":291.63}]}
{"_id":{"$oid":"5eb42a2a65e1622f3a35c694"},"name":"Apartment 7840","capacity":4.0,"services":["parking","breakfast"],"location":{"type":"Point","coordinates":[-0.11656519029062429,51.49892124146188]},"distance":1224.266093631247,"reservas":[]}
{"_id":{"$oid":"5eb42a3465e1622f3a365435"},"name":"Apartment 44097","capacity":1.0,"services":[],"location":{"type":"Point","coordinates":[-0.12813345885353977,51.49643639770849]},"distance":1226.470736553394,"reservas":[]}
{"_id":{"$oid":"5eb42a2a65e1622f3a35cb99"},"name":"Apartment 9125","capacity":2.0,"services":["pool"],"location":{"type":"Point","coordinates":[-0.14226417716670148,51.51381097327826]},"distance":1231.610103346418,"reservas":[]}
{"_id":{"$oid":"5eb42a2b65e1622f3a35d2d0"},"name":"Apartment 10972","capacity":4.0,"services":[],"location":{"type":"Point","coordinates":[-0.14495388026237355,51.51173311086181]},"distance":1285.7787668520893,"reservas":[{"_id":{"$oid":"5eb42a4e65e1622f3a369209"},"apartmentName":"Apartment 10972","from":{"$date":"2016-09-08T12:17:29.210Z"},"to":{"$date":"2016-09-13T12:17:29.210Z"},"amount":475.4}]}
{"_id":{"$oid":"5eb42a2f65e1622f3a360ba0"},"name":"Apartment 25516","capacity":3.0,"services":["pool","parking"],"location":{"type":"Point","coordinates":[-0.1403373644458742,51.51597151263379]},"distance":1289.9546707555016,"reservas":[{"_id":{"$oid":"5eb42a5265e1622f3a36c42b"},"apartmentName":"Apartment 25516","from":{"$date":"2012-10-27T16:42:32.594Z"},"to":{"$date":"2012-10-29T16:42:32.594Z"},"amount":214.9},{"_id":{"$oid":"5eb42a5265e1622f3a36c42c"},"apartmentName":"Apartment 25516","from":{"$date":"2019-07-01T06:36:51.065Z"},"to":{"$date":"2019-07-09T06:36:51.065Z"},"amount":794.8},{"_id":{"$oid":"5eb42a5265e1622f3a36c42d"},"apartmentName":"Apartment 25516","from":{"$date":"2019-09-19T23:50:34.135Z"},"to":{"$date":"2019-09-26T23:50:34.135Z"},"amount":1232.0},{"_id":{"$oid":"5eb42a5265e1622f3a36c42e"},"apartmentName":"Apartment 25516","from":{"$date":"2018-02-20T08:16:51.372Z"},"to":{"$date":"2018-02-24T08:16:51.372Z"},"amount":346.6}]}
{"_id":{"$oid":"5eb42a3065e1622f3a3617b1"},"name":"Apartment 28605","capacity":2.0,"services":[],"location":{"type":"Point","coordinates":[-0.12438345237173665,51.495989180874055]},"distance":1296.6707373448558,"reservas":[]}
{"_id":{"$oid":"5eb42a3565e1622f3a366275"},"name":"Apartment 47745","capacity":4.0,"services":[],"location":{"type":"Point","coordinates":[-0.13131568058911036,51.51895185977452]},"distance":1304.2973904903263,"reservas":[{"_id":{"$oid":"5eb42a5965e1622f3a371268"},"apartmentName":"Apartment 47745","from":{"$date":"2018-08-20T11:33:49.830Z"},"to":{"$date":"2018-08-25T11:33:49.830Z"},"amount":432.59999999999997},{"_id":{"$oid":"5eb42a5965e1622f3a371269"},"apartmentName":"Apartment 47745","from":{"$date":"2012-07-17T12:42:27.038Z"},"to":{"$date":"2012-07-23T12:42:27.038Z"},"amount":676.5600000000001},{"_id":{"$oid":"5eb42a5965e1622f3a37126a"},"apartmentName":"Apartment 47745","from":{"$date":"2019-03-22T19:08:06.211Z"},"to":{"$date":"2019-03-30T19:08:06.211Z"},"amount":1305.04}]}
{"_id":{"$oid":"5eb42a2f65e1622f3a360957"},"name":"Apartment 24931","capacity":4.0,"services":[],"location":{"type":"Point","coordinates":[-0.14491711316726263,51.50231901131746]},"distance":1321.5856138073848,"reservas":[]}
{"_id":{"$oid":"5eb42a2865e1622f3a35b098"},"name":"Apartment 2212","capacity":1.0,"services":["pool","parking","breakfast"],"location":{"type":"Point","coordinates":[-0.11696841277990433,51.517262184827686]},"distance":1321.9079991460394,"reservas":[]}
{"_id":{"$oid":"5eb42a3565e1622f3a365953"},"name":"Apartment 45407","capacity":5.0,"services":[],"location":{"type":"Point","coordinates":[-0.10813223144279838,51.50891291560878]},"distance":1366.7266730228598,"reservas":[]}
{"_id":{"$oid":"5eb42a3465e1622f3a364e49"},"name":"Apartment 42581","capacity":4.0,"services":[],"location":{"type":"Point","coordinates":[-0.11665015976453652,51.51762794102259]},"distance":1367.9751173990737,"reservas":[]}
{"_id":{"$oid":"5eb42a2a65e1622f3a35c8de"},"name":"Apartment 8426","capacity":4.0,"services":["pool","parking"],"location":{"type":"Point","coordinates":[-0.11069165934939773,51.50116553788363]},"distance":1371.6527901780653,"reservas":[]}
{"_id":{"$oid":"5eb42a2b65e1622f3a35d744"},"name":"Apartment 12112","capacity":2.0,"services":["parking"],"location":{"type":"Point","coordinates":[-0.11018291345207765,51.50170299683271]},"distance":1373.204225663978,"reservas":[]}
{"_id":{"$oid":"5eb42a3665e1622f3a3665ac"},"name":"Apartment 48568","capacity":4.0,"services":["parking","wifi"],"location":{"type":"Point","coordinates":[-0.14779433167819211,51.50736010555919]},"distance":1391.0525293488602,"reservas":[]}
{"_id":{"$oid":"5eb42a2d65e1622f3a35ea63"},"name":"Apartment 17007","capacity":1.0,"services":[],"location":{"type":"Point","coordinates":[-0.1161979098490068,51.51778280883195]},"distance":1399.9075368588765,"reservas":[]}
{"_id":{"$oid":"5eb42a3565e1622f3a3654d1"},"name":"Apartment 44253","capacity":2.0,"services":[],"location":{"type":"Point","coordinates":[-0.13730036771946375,51.51856415012631]},"distance":1403.9640150656455,"reservas":[]}
{"_id":{"$oid":"5eb42a3265e1622f3a362acb"},"name":"Apartment 33495","capacity":5.0,"services":[],"location":{"type":"Point","coordinates":[-0.12355439483533281,51.49499215174757]},"distance":1416.5974167258585,"reservas":[]}
{"_id":{"$oid":"5eb42a3165e1622f3a36269e"},"name":"Apartment 32426","capacity":1.0,"services":[],"location":{"type":"Point","coordinates":[-0.13316896212356366,51.4951812781685]},"distance":1417.1195840843266,"reservas":[]}
{"_id":{"$oid":"5eb42a2e65e1622f3a35f7e7"},"name":"Apartment 20467","capacity":1.0,"services":["parking","wifi","breakfast"],"location":{"type":"Point","coordinates":[-0.10771037620017998,51.51058443677074]},"distance":1429.4181775134982,"reservas":[]}
{"_id":{"$oid":"5eb42a3465e1622f3a3653de"},"name":"Apartment 44010","capacity":4.0,"services":[],"location":{"type":"Point","coordinates":[-0.14785185866951456,51.50458314865246]},"distance":1431.1065350008216,"reservas":[]}
{"_id":{"$oid":"5eb42a3265e1622f3a363543"},"name":"Apartment 36175","capacity":3.0,"services":[],"location":{"type":"Point","coordinates":[-0.13646823423340126,51.51910723365602]},"distance":1432.1762064335455,"reservas":[{"_id":{"$oid":"5eb42a5665e1622f3a36e9d0"},"apartmentName":"Apartment 36175","from":{"$date":"2017-09-06T08:01:04.044Z"},"to":{"$date":"2017-09-11T08:01:04.044Z"},"amount":479.20000000000005},{"_id":{"$oid":"5eb42a5665e1622f3a36e9d1"},"apartmentName":"Apartment 36175","from":{"$date":"2013-01-10T09:10:28.930Z"},"to":{"$date":"2013-01-17T09:10:28.930Z"},"amount":787.99},{"_id":{"$oid":"5eb42a5665e1622f3a36e9d2"},"apartmentName":"Apartment 36175","from":{"$date":"2019-10-08T08:21:01.210Z"},"to":{"$date":"2019-10-16T08:21:01.210Z"},"amount":1066.4},{"_id":{"$oid":"5eb42a5665e1622f3a36e9d3"},"apartmentName":"Apartment 36175","from":{"$date":"2014-04-30T06:16:24.785Z"},"to":{"$date":"2014-05-07T06:16:24.785Z"},"amount":737.8000000000001}]}
{"_id":{"$oid":"5eb42a2f65e1622f3a360f2b"},"name":"Apartment 26423","capacity":4.0,"services":[],"location":{"type":"Point","coordinates":[-0.13644878119838122,51.49578887784142]},"distance":1432.2658383456214,"reservas":[]}
{"_id":{"$oid":"5eb42a3565e1622f3a36617f"},"name":"Apartment 47499","capacity":2.0,"services":["pool","parking"],"location":{"type":"Point","coordinates":[-0.14072958668764224,51.49734963481071]},"distance":1441.3065137008905,"reservas":[{"_id":{"$oid":"5eb42a5965e1622f3a371184"},"apartmentName":"Apartment 47499","from":{"$date":"2013-02-09T23:12:11.110Z"},"to":{"$date":"2013-02-12T23:12:11.110Z"},"amount":482.90999999999997},{"_id":{"$oid":"5eb42a5965e1622f3a371185"},"apartmentName":"Apartment 47499","from":{"$date":"2012-12-03T14:40:42.653Z"},"to":{"$date":"2012-12-08T14:40:42.653Z"},"amount":487.70000000000005}]}
{"_id":{"$oid":"5eb42a3065e1622f3a361878"},"name":"Apartment 28804","capacity":2.0,"services":["breakfast","wifi"],"location":{"type":"Point","coordinates":[-0.14323749091377735,51.4986805726245]},"distance":1452.4651904806221,"reservas":[{"_id":{"$oid":"5eb42a5365e1622f3a36cfc1"},"apartmentName":"Apartment 28804","from":{"$date":"2013-12-05T22:46:09.832Z"},"to":{"$date":"2013-12-10T22:46:09.832Z"},"amount":411.4},{"_id":{"$oid":"5eb42a5365e1622f3a36cfc2"},"apartmentName":"Apartment 28804","from":{"$date":"2015-05-05T18:49:11.277Z"},"to":{"$date":"2015-05-08T18:49:11.277Z"},"amount":446.84999999999997},{"_id":{"$oid":"5eb42a5365e1622f3a36cfc3"},"apartmentName":"Apartment 28804","from":{"$date":"2014-04-16T06:32:31.032Z"},"to":{"$date":"2014-04-22T06:32:31.032Z"},"amount":721.86},{"_id":{"$oid":"5eb42a5365e1622f3a36cfc4"},"apartmentName":"Apartment 28804","from":{"$date":"2013-06-21T12:11:55.518Z"},"to":{"$date":"2013-06-23T12:11:55.518Z"},"amount":302.38},{"_id":{"$oid":"5eb42a5365e1622f3a36cfc5"},"apartmentName":"Apartment 28804","from":{"$date":"2020-01-14T05:44:03.390Z"},"to":{"$date":"2020-01-20T05:44:03.390Z"},"amount":763.14}]}
{"_id":{"$oid":"5eb42a3465e1622f3a36499a"},"name":"Apartment 41382","capacity":2.0,"services":["wifi"],"location":{"type":"Point","coordinates":[-0.10672176020862223,51.50720478999826]},"distance":1455.0134443695042,"reservas":[]}
{"_id":{"$oid":"5eb42a3465e1622f3a364f45"},"name":"Apartment 42833","capacity":3.0,"services":["wifi"],"location":{"type":"Point","coordinates":[-0.10705527869538933,51.50474303698289]},"distance":1463.0769826024682,"reservas":[{"_id":{"$oid":"5eb42a5765e1622f3a37015b"},"apartmentName":"Apartment 42833","from":{"$date":"2014-08-10T04:02:10.715Z"},"to":{"$date":"2014-08-12T04:02:10.715Z"},"amount":202.04}]}
{"_id":{"$oid":"5eb42a3465e1622f3a365306"},"name":"Apartment 43794","capacity":5.0,"services":["pool"],"location":{"type":"Point","coordinates":[-0.14905725503973632,51.50798984530195]},"distance":1479.7251392531161,"reservas":[]}
{"_id":{"$oid":"5eb42a3565e1622f3a3661cc"},"name":"Apartment 47576","capacity":3.0,"services":["pool","parking"],"location":{"type":"Point","coordinates":[-0.1436549620264368,51.498583911719926]},"distance":1481.1611518473767,"reservas":[]}
{"_id":{"$oid":"5eb42a2c65e1622f3a35e5c3"},"name":"Apartment 15823","capacity":5.0,"services":[],"location":{"type":"Point","coordinates":[-0.1069028542440903,51.50395980451637]},"distance":1493.7033280374496,"reservas":[]}
{"_id":{"$oid":"5eb42a2b65e1622f3a35d2f5"},"name":"Apartment 11009","capacity":4.0,"services":["parking","pool"],"location":{"type":"Point","coordinates":[-0.12358128503812293,51.520661039067896]},"distance":1498.1900413950577,"reservas":[]}
